,,01/2016,02/2016,03/2016,04/2016,05/2016,06/2016,07/2016,08/2016,09/2016,10/2016,11/2016,12/2016,01/2017,02/2017,03/2017,04/2017,05/2017,06/2017,07/2017,08/2017,09/2017,10/2017,11/2017,12/2017,01/2018,02/2018,03/2018,04/2018,05/2018,06/2018,07/2018,08/2018,09/2018,10/2018,11/2018,12/2018,01/2019,02/2019,03/2019,04/2019,05/2019,06/2019,07/2019,08/2019,09/2019,10/2019,11/2019,12/2019,01/2020,02/2020,03/2020,04/2020,05/2020,06/2020,07/2020,08/2020,09/2020,10/2020,11/2020,12/2020,01/2021,02/2021,03/2021,04/2021,05/2021,06/2021,07/2021,08/2021,09/2021,10/2021,11/2021,12/2021,01/2022,02/2022,03/2022,04/2022,05/2022,06/2022,07/2022,08/2022,09/2022,10/2022
Knight,https://cdn.royaleapi.com/static/img/cards-150/knight.png,0,1,1,1,2,2,2,2,2,2,2,2,2,2,2,2,2,2,2,2,2,2,2,3,3,4,4,5,5,5,5,6,6,6,6,6,6,7,7,7,7,7,8,8,8,8,8,9,9,9,9,9,9,9,9,9,9,9,9,9,9,9,10,10,10,10,10,10,10,10,10,10,10,10,10,10,10,10,10,10,10,10
Archers,https://cdn.royaleapi.com/static/img/cards-150/archers.png,0,1,2,2,3,3,3,4,5,5,5,5,6,6,7,7,7,7,7,7,7,7,7,7,7,7,7,7,7,7,7,7,7,7,7,9,9,9,9,9,9,9,9,9,9,9,9,9,9,9,9,9,9,10,10,10,10,10,10,10,10,10,10,10,10,10,10,10,10,10,10,10,10,10,10,11,11,11,11,11,11,11
Goblins,https://cdn.royaleapi.com/static/img/cards-150/goblins.png,0,1,1,1,1,1,1,1,1,1,1,1,1,1,1,1,1,1,1,1,1,1,1,2,2,2,2,2,2,2,3,3,3,3,3,3,3,3,3,3,3,3,3,3,3,3,3,3,3,3,3,3,3,4,4,4,4,4,4,4,4,4,4,4,4,4,4,4,5,5,5,5,5,5,5,5,5,5,5,5,5,5
Giant,https://cdn.royaleapi.com/static/img/cards-150/giant.png,0,2,3,3,3,3,3,3,4,5,5,5,5,5,5,5,5,5,5,5,5,5,5,5,5,5,5,5,5,5,5,5,5,5,6,6,6,6,6,6,6,6,6,6,6,6,6,6,6,6,6,6,6,6,6,6,6,6,6,6,6,7,7,7,7,7,7,7,7,7,7,7,7,7,7,7,7,7,7,7,7,7
P.E.K.K.A,https://cdn.royaleapi.com/static/img/cards-150/p.-e.-k.-k.-a.png,0,2,2,2,2,3,3,4,4,4,4,4,4,5,5,5,5,5,5,5,5,5,5,5,5,5,5,5,5,5,5,5,5,5,5,5,5,5,5,5,5,5,5,6,7,7,7,7,7,7,7,7,7,7,7,7,7,7,7,7,7,7,7,7,7,7,7,7,7,7,7,7,7,7,7,7,7,7,7,7,7,7
Minions,https://cdn.royaleapi.com/static/img/cards-150/minions.png,0,1,1,1,2,2,2,2,2,2,2,2,2,2,2,2,2,2,2,2,2,2,2,2,2,2,2,2,2,3,3,3,3,3,3,3,3,3,3,3,3,3,4,4,4,4,4,4,4,4,4,4,4,5,5,5,5,5,5,5,5,5,5,5,5,5,5,5,5,5,5,5,5,5,5,5,5,5,5,5,5,5
Balloon,https://cdn.royaleapi.com/static/img/cards-150/balloon.png,0,2,3,3,4,4,4,4,4,4,4,5,5,5,5,6,6,6,6,6,6,6,6,6,6,6,6,6,6,6,6,7,7,7,7,7,8,8,8,8,8,8,8,8,8,8,8,8,8,8,8,8,8,8,8,8,8,8,8,8,8,8,9,9,9,9,9,9,9,9,9,9,9,10,10,10,10,10,10,10,10,10
Witch,https://cdn.royaleapi.com/static/img/cards-150/witch.png,1,4,5,5,7,8,8,8,8,8,8,8,8,9,9,9,9,10,10,10,10,10,10,10,10,10,10,11,11,11,12,12,13,13,13,13,13,13,13,14,14,14,14,14,14,15,17,17,17,18,18,18,18,18,18,18,18,18,18,19,19,19,20,20,20,20,20,20,20,20,20,20,20,20,20,20,20,20,20,20,20,20
Barbarians,https://cdn.royaleapi.com/static/img/cards-150/barbarians.png,0,2,2,2,2,2,2,2,2,2,2,2,2,2,2,2,2,2,2,2,2,2,2,2,2,2,2,2,2,3,3,3,3,3,3,3,3,3,4,4,4,4,4,4,4,4,4,4,4,4,4,4,4,5,5,5,5,5,5,5,5,5,5,5,5,5,5,5,5,5,5,5,5,5,5,5,5,6,6,6,6,6
Golem,https://cdn.royaleapi.com/static/img/cards-150/golem.png,0,3,3,3,4,4,4,5,5,6,6,6,6,6,6,6,6,6,6,6,6,6,6,6,6,6,6,6,6,6,6,6,6,6,6,6,7,7,7,7,7,7,7,7,7,7,7,7,7,7,8,8,8,8,8,8,8,8,8,8,8,8,8,8,8,9,9,9,9,9,9,9,9,9,9,9,9,9,9,9,9,9
Skeletons,https://cdn.royaleapi.com/static/img/cards-150/skeletons.png,0,2,2,2,3,4,4,4,4,4,4,4,4,5,5,5,5,6,6,6,6,6,6,6,6,6,6,6,6,6,6,6,6,6,6,6,6,6,6,6,6,6,6,6,6,6,6,6,6,6,6,6,6,6,6,6,6,6,6,6,6,6,6,6,6,6,6,6,6,6,6,6,6,6,6,6,6,6,6,6,6,6
Valkyrie,https://cdn.royaleapi.com/static/img/cards-150/valkyrie.png,0,2,2,2,3,3,3,3,3,3,3,3,3,3,3,3,3,3,3,3,3,4,4,4,4,5,5,5,5,6,6,6,7,7,7,7,8,8,8,8,8,8,9,10,10,10,10,10,10,10,10,10,10,10,10,10,10,10,10,10,10,10,10,10,10,10,10,10,10,10,10,10,10,10,10,11,11,11,11,11,11,11
Skeleton Army,https://cdn.royaleapi.com/static/img/cards-150/skeleton-army.png,0,2,2,2,3,3,4,4,4,5,5,5,5,6,6,7,7,7,7,7,7,7,7,7,7,7,7,7,7,7,7,7,7,8,8,8,8,8,8,8,8,8,8,8,8,8,8,8,8,8,8,8,8,8,8,8,8,8,8,8,8,8,8,8,8,9,9,9,9,9,9,9,9,9,9,9,9,9,9,9,9,9
Bomber,https://cdn.royaleapi.com/static/img/cards-150/bomber.png,0,2,2,2,4,4,5,5,6,6,6,7,7,7,7,7,7,7,7,7,7,7,7,7,7,7,7,7,7,7,8,8,8,8,8,8,8,8,8,8,9,9,9,9,9,9,9,9,9,9,9,9,9,9,9,9,10,10,10,10,10,10,11,11,11,11,11,11,12,12,12,12,12,12,12,12,12,12,12,12,12,12
Musketeer,https://cdn.royaleapi.com/static/img/cards-150/musketeer.png,0,3,3,3,4,4,4,4,4,4,4,4,4,4,4,4,4,4,4,4,4,4,4,4,4,4,4,4,4,4,4,4,4,4,4,4,4,5,5,5,5,5,5,5,5,5,5,5,5,5,5,5,5,5,5,5,5,6,6,6,6,6,6,6,6,6,6,6,6,6,6,6,6,7,7,7,7,7,7,7,7,7
Baby Dragon,https://cdn.royaleapi.com/static/img/cards-150/baby-dragon.png,0,1,1,1,2,2,2,3,3,3,3,3,3,4,4,4,4,4,4,4,4,4,4,4,4,4,4,4,4,4,4,5,5,5,5,5,5,5,5,5,5,5,5,5,5,5,6,6,6,6,6,6,7,7,8,8,8,8,8,8,8,8,8,8,8,8,8,8,8,8,8,8,8,8,8,8,8,8,8,8,8,8
Prince,https://cdn.royaleapi.com/static/img/cards-150/prince.png,1,2,3,3,4,5,5,6,6,6,6,6,6,6,6,6,6,6,6,6,6,6,6,7,7,7,7,7,7,8,8,8,9,9,9,9,9,9,9,9,9,9,10,10,10,10,10,10,10,10,10,10,10,11,11,11,11,11,11,11,11,11,11,11,11,11,11,11,11,11,11,11,11,12,12,12,12,12,12,13,13,13
Wizard,https://cdn.royaleapi.com/static/img/cards-150/wizard.png,0,2,2,2,3,3,4,4,4,4,4,5,6,6,6,6,6,6,6,6,6,6,6,6,6,6,6,6,6,7,7,7,7,7,7,7,7,7,7,7,7,7,7,7,7,7,7,7,7,7,7,7,7,7,7,7,7,7,7,7,7,7,7,7,7,7,7,7,7,7,7,7,7,7,7,7,7,7,7,7,7,7
Mini P.E.K.K.A,https://cdn.royaleapi.com/static/img/cards-150/mini-p.-e.-k.-k.-a.png,0,2,2,2,3,3,3,3,3,3,3,3,3,3,3,3,3,3,3,4,4,4,4,4,5,5,5,5,5,5,5,5,5,5,5,5,5,5,5,5,5,5,6,6,6,6,6,6,6,6,6,6,7,7,7,7,7,7,8,8,8,8,8,8,8,8,8,8,8,8,8,8,8,9,9,9,9,9,9,9,9,9
Spear Goblins,https://cdn.royaleapi.com/static/img/cards-150/spear-goblins.png,0,1,1,1,2,2,2,2,2,2,2,2,2,2,2,2,2,2,2,2,2,3,3,3,3,3,3,4,4,5,5,5,5,5,5,5,5,5,5,5,5,5,5,5,5,5,5,5,5,5,5,5,5,6,6,6,6,6,6,6,6,6,6,6,6,6,6,6,6,6,6,6,6,6,6,6,6,6,6,6,6,6
Giant Skeleton,https://cdn.royaleapi.com/static/img/cards-150/giant-skeleton.png,0,2,2,2,2,2,3,3,3,3,3,4,4,4,4,4,4,4,4,4,4,4,4,5,5,5,5,5,5,5,5,5,5,5,5,5,5,5,5,6,6,6,6,6,6,6,6,6,6,6,6,6,6,6,6,6,6,6,6,6,6,6,7,7,7,8,8,8,8,8,8,8,8,8,8,9,9,9,9,9,10,10
Hog Rider,https://cdn.royaleapi.com/static/img/cards-150/hog-rider.png,0,1,1,1,1,2,2,2,2,2,2,2,2,2,2,2,2,2,2,2,2,2,2,3,3,3,3,3,3,4,4,4,4,4,4,4,4,4,4,4,4,4,4,4,4,4,4,4,4,4,4,4,4,4,4,4,4,4,4,4,4,4,4,4,4,4,4,4,4,4,4,4,4,4,4,4,4,4,4,4,4,4
Minion Horde,https://cdn.royaleapi.com/static/img/cards-150/minion-horde.png,0,1,1,1,2,2,2,2,2,2,2,2,2,2,2,2,2,2,2,2,2,2,2,2,2,2,2,2,2,3,3,3,3,3,3,3,3,3,3,3,3,3,4,4,4,4,4,4,4,4,4,4,4,5,5,5,5,5,5,5,5,5,5,5,5,5,5,5,5,5,5,5,5,5,5,5,5,5,5,5,5,5
Ice Wizard,https://cdn.royaleapi.com/static/img/cards-150/ice-wizard.png,,0,1,1,2,2,3,4,4,4,4,4,4,4,4,4,4,4,4,5,5,5,5,5,5,5,5,5,5,5,5,5,5,6,6,7,7,7,7,7,7,7,7,7,7,7,7,7,7,7,7,7,7,7,7,7,7,7,7,7,7,7,7,7,7,9,9,9,9,9,9,10,10,10,10,10,10,10,10,10,10,10
Royal Giant,https://cdn.royaleapi.com/static/img/cards-150/royal-giant.png,,0,1,1,3,3,3,4,4,4,4,4,4,4,4,5,5,5,5,5,5,5,5,5,5,5,5,5,5,5,5,5,5,6,6,6,6,6,6,6,6,6,6,6,6,6,6,6,6,6,6,6,6,6,6,6,6,6,6,6,6,6,6,6,6,6,6,6,7,7,7,7,7,7,7,7,7,7,7,7,7,7
Guards,https://cdn.royaleapi.com/static/img/cards-150/guards.png,,,,,1,2,2,2,2,2,2,2,2,2,2,2,2,2,2,2,2,3,3,4,4,4,4,4,4,4,4,4,4,4,4,4,4,4,4,4,4,4,4,4,4,4,4,4,4,4,4,4,4,5,5,5,5,5,5,6,6,6,6,6,6,6,6,6,7,7,7,7,7,7,7,7,7,7,7,7,7,7
Princess,https://cdn.royaleapi.com/static/img/cards-150/princess.png,,0,1,1,2,2,2,4,4,4,4,4,4,4,4,4,4,4,4,4,4,4,4,4,4,4,4,4,4,4,4,4,4,4,4,4,4,4,4,4,5,5,5,5,5,5,5,5,5,5,5,6,6,6,6,6,6,6,6,6,6,6,6,6,6,6,6,6,6,6,6,6,6,6,6,6,6,6,6,6,6,6
Dark Prince,https://cdn.royaleapi.com/static/img/cards-150/dark-prince.png,,0,1,1,2,2,3,4,4,4,4,4,4,5,5,5,5,5,5,6,6,7,7,8,8,9,9,10,10,11,11,11,11,11,11,11,11,11,11,11,12,12,13,13,14,14,14,14,14,14,14,14,14,14,14,14,14,14,14,14,14,14,14,14,14,14,14,14,14,14,14,14,14,15,15,15,15,15,15,15,15,15
Three Musketeers,https://cdn.royaleapi.com/static/img/cards-150/three-musketeers.png,,0,1,1,2,2,2,2,2,2,2,2,2,2,2,2,2,2,2,2,2,2,2,2,2,2,2,2,2,2,2,2,2,2,2,2,2,4,4,4,5,5,5,5,5,5,5,6,6,6,6,6,6,7,7,8,8,9,9,9,9,9,10,10,10,10,10,10,10,10,10,10,10,11,11,11,11,11,11,11,11,11
Lava Hound,https://cdn.royaleapi.com/static/img/cards-150/lava-hound.png,,,,,1,2,2,2,2,2,3,3,3,3,3,3,3,3,3,3,3,3,3,3,4,4,4,4,4,4,4,4,4,4,4,4,4,4,4,4,4,4,4,4,4,4,4,4,5,5,5,5,5,5,5,5,5,5,5,5,5,5,5,5,5,5,5,5,5,5,5,5,5,5,5,5,5,5,5,5,5,5
Ice Spirit,https://cdn.royaleapi.com/static/img/cards-150/ice-spirit.png,,,,,,,0,0,0,0,1,1,2,2,2,2,2,2,2,2,2,2,2,2,2,2,2,3,3,3,3,3,3,3,3,3,3,3,3,3,3,3,3,3,3,3,3,3,3,3,3,3,3,3,3,3,3,3,3,3,3,3,3,3,3,3,3,3,3,3,3,3,3,3,3,4,4,4,4,4,4,4
Fire Spirit,https://cdn.royaleapi.com/static/img/cards-150/fire-spirit.png,,,,,1,1,1,1,1,1,1,1,1,1,1,1,1,1,1,1,1,1,1,1,1,1,1,1,1,1,2,2,2,2,2,2,2,2,2,2,2,2,2,2,2,2,2,2,2,2,2,2,2,3,3,3,4,4,4,4,4,4,4,4,4,4,5,5,6,6,6,7,7,7,7,7,7,7,7,8,8,8
Miner,https://cdn.royaleapi.com/static/img/cards-150/miner.png,,,,,1,1,2,3,3,3,3,3,3,3,3,3,3,3,3,3,3,3,3,3,3,3,3,3,3,3,3,3,3,3,3,3,3,3,3,3,3,3,4,4,4,4,4,4,4,4,5,5,5,5,5,6,6,6,6,6,6,6,6,6,6,6,6,6,6,6,6,6,6,6,6,6,6,6,6,6,6,6
Sparky,https://cdn.royaleapi.com/static/img/cards-150/sparky.png,,,,,0,0,0,0,0,0,0,0,0,0,0,0,0,0,0,0,0,1,1,1,1,1,1,2,2,3,3,3,3,3,3,4,5,5,5,5,5,5,5,5,5,5,5,5,6,6,6,6,6,6,6,6,6,6,7,7,7,7,7,7,7,7,7,7,7,7,7,7,7,7,7,7,7,7,7,7,7,7
Bowler,https://cdn.royaleapi.com/static/img/cards-150/bowler.png,,,,,,,0,1,1,1,2,2,2,2,2,2,2,2,2,2,2,2,2,2,2,2,2,2,2,2,2,2,2,2,2,3,3,3,3,3,3,3,3,3,3,3,3,3,3,3,3,3,3,3,3,4,4,4,4,4,4,4,4,4,4,5,5,5,5,5,5,5,5,5,5,5,5,5,5,5,5,5
Lumberjack,https://cdn.royaleapi.com/static/img/cards-150/lumberjack.png,,,,,,,0,1,2,2,3,4,4,4,5,6,6,6,6,6,6,6,6,6,7,7,7,7,7,7,7,7,7,7,7,7,7,7,7,7,7,7,7,8,8,8,8,8,8,8,8,8,8,8,8,8,8,8,8,8,8,8,8,8,8,8,8,8,8,8,8,8,8,8,8,8,8,8,8,8,8,8
Battle Ram,https://cdn.royaleapi.com/static/img/cards-150/battle-ram.png,,,,,,,,,,,,,,1,1,1,1,1,1,2,2,2,2,2,2,2,2,2,2,4,4,4,4,4,4,4,5,5,6,6,6,6,6,6,6,6,6,6,6,6,6,6,6,6,6,6,6,6,6,6,6,6,6,6,6,6,6,6,6,6,6,7,7,7,7,7,7,8,8,8,8,8
Inferno Dragon,https://cdn.royaleapi.com/static/img/cards-150/inferno-dragon.png,,,,,,,,,0,0,0,1,1,1,1,1,1,2,2,2,2,3,3,4,4,5,5,5,5,5,5,6,6,6,6,6,6,6,6,6,6,6,6,6,6,6,6,6,6,6,6,6,6,6,6,6,6,6,6,6,6,6,6,6,6,6,6,6,6,6,6,6,6,6,6,6,6,6,6,6,6,6
Ice Golem,https://cdn.royaleapi.com/static/img/cards-150/ice-golem.png,,,,,,,,,,1,2,2,3,3,3,3,3,3,3,3,3,3,3,4,4,4,4,4,4,5,5,5,5,5,5,5,5,5,5,5,5,5,5,5,5,5,5,5,5,5,5,5,5,5,5,5,5,5,5,5,5,5,5,5,5,5,5,5,5,5,5,5,5,5,5,5,5,5,5,6,6,6
Mega Minion,https://cdn.royaleapi.com/static/img/cards-150/mega-minion.png,,,,,,,,,1,1,2,2,3,3,3,3,3,3,3,3,3,3,3,3,3,3,3,3,3,3,4,4,4,4,4,4,4,4,4,4,4,4,5,5,5,5,5,5,5,5,5,5,5,5,5,5,5,5,5,5,5,5,5,5,5,5,5,5,5,5,5,5,5,5,5,5,5,5,5,5,5,5
Dart Goblin,https://cdn.royaleapi.com/static/img/cards-150/dart-goblin.png,,,,,,,,,,,,,0,0,1,1,1,1,1,1,1,1,1,1,1,1,1,2,2,2,2,2,2,2,3,3,3,4,4,4,4,4,4,4,4,4,4,4,4,4,4,4,4,4,4,4,4,4,4,4,4,4,4,4,4,4,4,4,4,4,4,5,5,5,5,5,5,5,5,5,5,5
Goblin Gang,https://cdn.royaleapi.com/static/img/cards-150/goblin-gang.png,,,,,,,,,,,,,,0,0,0,0,1,1,1,1,2,2,3,3,3,3,4,4,5,6,6,6,6,6,6,6,6,7,7,7,7,7,7,7,7,7,7,7,7,7,7,7,8,8,8,8,8,8,8,8,8,8,8,8,8,8,8,8,8,8,8,8,8,8,8,8,8,8,8,8,9
Electro Wizard,https://cdn.royaleapi.com/static/img/cards-150/electro-wizard.png,,,,,,,,,,,,0,1,1,2,3,3,3,3,4,4,5,5,5,5,5,5,5,5,5,5,5,5,5,5,5,5,5,5,5,5,5,5,5,5,5,5,5,5,5,5,5,5,5,5,5,5,5,6,7,7,7,7,7,7,7,7,7,7,7,7,7,7,7,7,7,7,7,7,7,7,7
Elite Barbarians,https://cdn.royaleapi.com/static/img/cards-150/elite-barbarians.png,,,,,,,,,,,0,1,2,2,2,3,3,3,3,3,3,3,3,3,3,3,3,3,3,3,3,3,3,3,3,3,3,3,3,3,3,4,5,5,5,5,5,5,5,5,5,5,5,6,6,6,6,6,7,7,7,7,8,9,9,10,10,10,10,10,10,10,10,10,10,10,10,10,10,10,10,10
Hunter,https://cdn.royaleapi.com/static/img/cards-150/hunter.png,,,,,,,,,,,,,,,,,,,,,,,,0,1,1,1,2,2,2,2,2,2,2,2,2,2,2,2,2,2,2,2,2,2,3,3,3,3,3,3,3,3,3,3,3,3,3,3,3,3,3,4,4,4,4,4,4,5,5,5,5,5,6,6,6,6,6,6,6,6,6
Executioner,https://cdn.royaleapi.com/static/img/cards-150/executioner.png,,,,,,,,,,,,,0,1,2,3,3,3,3,3,3,3,3,3,3,3,3,3,3,3,3,3,3,3,3,3,3,3,3,3,3,3,3,3,5,6,8,8,8,8,8,8,8,8,8,8,8,8,8,8,8,8,8,8,8,9,9,9,9,9,9,10,10,10,10,10,10,10,10,11,11,11
Bandit,https://cdn.royaleapi.com/static/img/cards-150/bandit.png,,,,,,,,,,,,,,,0,0,0,2,2,2,2,3,3,3,3,4,4,4,4,4,4,4,5,5,5,5,5,5,5,6,6,6,6,6,6,6,6,6,6,6,6,6,6,6,6,6,6,6,6,6,6,6,6,6,6,6,6,6,6,6,6,6,6,6,6,6,6,6,6,6,6,6
Royal Recruits,https://cdn.royaleapi.com/static/img/cards-150/royal-recruits.png,,,,,,,,,,,,,,,,,,,,,,,,,,,,,,,1,0,2,2,2,3,3,3,3,3,3,3,3,3,3,3,3,3,3,3,3,3,3,4,4,5,5,5,5,5,5,5,5,5,5,5,5,5,5,5,5,5,5,5,5,5,5,5,5,5,5,5
Night Witch,https://cdn.royaleapi.com/static/img/cards-150/night-witch.png,,,,,,,,,,,,,,,,,0,1,1,2,2,2,2,2,3,3,3,3,3,3,3,3,3,3,3,3,3,3,3,3,3,3,4,4,4,5,5,5,6,6,6,6,6,6,6,7,7,7,7,8,8,8,8,8,8,8,8,8,9,9,9,9,9,9,9,9,9,10,10,10,10,10
Bats,https://cdn.royaleapi.com/static/img/cards-150/bats.png,,,,,,,,,,,,,,,,,,1,0,2,2,2,2,2,3,3,3,3,3,3,3,3,3,3,3,3,3,3,4,4,4,4,4,4,4,4,4,4,4,4,4,4,4,5,5,6,6,6,6,7,7,7,7,7,7,7,7,7,7,7,7,7,7,7,7,7,7,7,7,7,7,7
Royal Ghost,https://cdn.royaleapi.com/static/img/cards-150/royal-ghost.png,,,,,,,,,,,,,,,,,,,,,,,,,1,1,1,1,1,2,2,2,2,2,3,3,3,3,3,3,3,3,3,3,4,4,4,4,4,4,4,4,4,4,4,4,4,5,6,6,6,6,6,6,6,6,6,6,6,6,6,6,6,6,6,6,6,7,7,7,7,7
Ram Rider,https://cdn.royaleapi.com/static/img/cards-150/ram-rider.png,,,,,,,,,,,,,,,,,,,,,,,,,,,,,,,,,,,,0,1,1,1,2,2,2,2,2,2,2,2,2,2,2,2,2,2,2,2,2,2,2,2,2,2,2,2,2,2,2,2,2,2,2,2,2,2,3,3,4,4,4,4,5,5,5
Zappies,https://cdn.royaleapi.com/static/img/cards-150/zappies.png,,,,,,,,,,,,,,,,,,,,,,,,0,1,1,1,1,1,1,1,1,2,2,2,2,2,2,2,2,2,2,2,2,2,2,2,2,2,3,3,3,3,4,5,5,6,6,6,6,6,6,7,7,7,7,7,7,7,7,7,7,7,7,7,7,7,7,7,7,7,7
Rascals,https://cdn.royaleapi.com/static/img/cards-150/rascals.png,,,,,,,,,,,,,,,,,,,,,,,,,,,,,0,0,1,1,1,1,1,1,1,1,3,3,3,4,5,5,5,5,5,5,5,5,5,5,5,6,6,6,6,6,6,6,6,6,6,6,6,7,7,7,7,7,7,8,8,8,8,8,8,8,8,8,8,8
Cannon Cart,https://cdn.royaleapi.com/static/img/cards-150/cannon-cart.png,,,,,,,,,,,,,,,,,,,,0,0,1,1,2,2,2,2,3,3,3,3,4,5,5,6,6,6,7,7,7,7,7,8,8,8,8,8,8,8,8,9,9,9,9,9,9,9,9,9,9,9,9,10,10,10,11,11,11,11,11,11,11,11,11,11,11,11,11,11,11,11,12
Mega Knight,https://cdn.royaleapi.com/static/img/cards-150/mega-knight.png,,,,,,,,,,,,,,,,,,,,,0,1,1,1,1,2,2,2,2,4,4,4,4,4,5,5,6,6,6,6,6,6,7,7,7,7,7,7,7,7,7,7,7,7,7,7,7,7,7,7,7,7,7,7,7,7,7,7,7,7,7,7,7,7,7,8,8,8,8,9,9,9
Skeleton Barrel,https://cdn.royaleapi.com/static/img/cards-150/skeleton-barrel.png,,,,,,,,,,,,,,,,,,,,,,,0,1,1,2,2,3,3,3,3,3,3,3,4,4,4,4,4,4,4,4,4,4,4,4,4,4,4,4,4,5,5,5,5,5,5,5,5,6,6,6,6,6,6,6,6,6,6,6,6,6,6,6,6,6,6,6,6,6,6,6
Flying Machine,https://cdn.royaleapi.com/static/img/cards-150/flying-machine.png,,,,,,,,,,,,,,,,,,,,,,0,0,0,0,0,0,0,0,0,0,0,0,0,0,0,0,0,0,1,1,1,1,1,1,1,1,1,1,1,1,1,1,1,1,1,1,1,1,1,1,1,1,1,1,1,1,1,1,1,1,1,1,1,1,1,1,1,1,1,1,1
Wall Breakers,https://cdn.royaleapi.com/static/img/cards-150/wall-breakers.png,,,,,,,,,,,,,,,,,,,,,,,,,,,,,,,,,,,,,,0,1,1,2,3,3,3,3,4,5,5,5,5,5,5,5,6,6,6,6,6,6,6,6,6,6,6,6,6,6,6,6,6,6,6,6,6,6,6,6,6,6,6,6,6
Royal Hogs,https://cdn.royaleapi.com/static/img/cards-150/royal-hogs.png,,,,,,,,,,,,,,,,,,,,,,,,,,,,,,0,1,2,3,3,4,4,4,4,4,4,4,4,4,4,4,4,5,5,5,6,6,6,6,7,7,7,7,7,7,7,7,7,7,7,7,7,7,7,8,8,8,8,8,9,9,9,9,9,9,9,9,10
Goblin Giant,https://cdn.royaleapi.com/static/img/cards-150/goblin-giant.png,,,,,,,,,,,,,,,,,,,,,,,,,,,,,,,,,0,1,1,1,2,2,2,3,3,3,4,4,4,4,4,4,4,4,4,4,4,4,4,4,4,4,4,5,5,5,5,5,5,5,5,5,5,5,5,5,5,5,5,5,5,5,5,5,5,5
Fisherman,https://cdn.royaleapi.com/static/img/cards-150/fisherman.png,,,,,,,,,,,,,,,,,,,,,,,,,,,,,,,,,,,,,,,,,,,,0,2,3,4,4,5,5,5,5,5,5,6,6,6,6,6,7,7,7,7,7,7,7,7,7,7,7,7,7,7,7,7,7,7,7,7,7,7,7
Magic Archer,https://cdn.royaleapi.com/static/img/cards-150/magic-archer.png,,,,,,,,,,,,,,,,,,,,,,,,,,,0,1,1,2,2,2,2,2,3,3,4,4,4,4,4,4,4,5,5,5,5,5,5,5,5,6,7,7,7,7,7,7,7,7,7,7,7,7,7,7,7,7,7,7,7,7,7,7,7,7,7,7,7,7,7,7
Electro Dragon,https://cdn.royaleapi.com/static/img/cards-150/electro-dragon.png,,,,,,,,,,,,,,,,,,,,,,,,,,,,,,,,,,,0,1,1,1,1,1,1,1,1,1,1,1,1,1,1,1,1,1,1,1,1,1,1,1,1,1,1,1,1,1,1,1,1,1,1,1,1,1,1,1,1,1,1,1,1,1,1,1
Firecracker,https://cdn.royaleapi.com/static/img/cards-150/firecracker.png,,,,,,,,,,,,,,,,,,,,,,,,,,,,,,,,,,,,,,,,,,,,,,,,,,0,0,0,0,0,1,1,1,1,1,1,1,1,1,1,1,1,1,1,1,1,1,1,1,1,1,1,1,1,1,1,1,1
Mighty Miner,https://cdn.royaleapi.com/static/img/cards-150/mighty-miner.png,,,,,,,,,,,,,,,,,,,,,,,,,,,,,,,,,,,,,,,,,,,,,,,,,,,,,,,,,,,,,,,,,,,,,,,,,,,0,2,2,2,2,2,2,3
Elixir Golem,https://cdn.royaleapi.com/static/img/cards-150/elixir-golem.png,,,,,,,,,,,,,,,,,,,,,,,,,,,,,,,,,,,,,,,,,,,,,,,0,1,2,2,2,2,2,2,2,2,2,2,2,2,2,2,2,2,2,3,3,3,3,3,3,3,3,3,3,3,3,3,3,4,4,5
Battle Healer,https://cdn.royaleapi.com/static/img/cards-150/battle-healer.png,,,,,,,,,,,,,,,,,,,,,,,,,,,,,,,,,,,,,,,,,,,,,,,,1,0,0,0,0,2,2,2,2,2,3,4,4,4,4,4,4,4,4,4,4,4,4,4,4,4,4,4,4,4,4,4,4,4,4
Skeleton King,https://cdn.royaleapi.com/static/img/cards-150/skeleton-king.png,,,,,,,,,,,,,,,,,,,,,,,,,,,,,,,,,,,,,,,,,,,,,,,,,,,,,,,,,,,,,,,,,,,,,,0,1,1,1,1,1,1,1,2,2,3,3,3
Archer Queen,https://cdn.royaleapi.com/static/img/cards-150/archer-queen.png,,,,,,,,,,,,,,,,,,,,,,,,,,,,,,,,,,,,,,,,,,,,,,,,,,,,,,,,,,,,,,,,1,1,1,1,1,1,0,0,0,0,2,2,3,3,3,3,3,3,3
Golden Knight,https://cdn.royaleapi.com/static/img/cards-150/golden-knight.png,,,,,,,,,,,,,,,,,,,,,,,,,,,,,,,,,,,,,,,,,,,,,,,,,,,,,,,,,,,,,,,,,,,,,,0,0,0,0,1,1,2,2,2,2,3,3,3
Skeleton Dragons,https://cdn.royaleapi.com/static/img/cards-150/skeleton-dragons.png,,,,,,,,,,,,,,,,,,,,,,,,,,,,,,,,,,,,,,,,,,,,,,,,,,,,,,,1,1,1,2,2,2,2,2,2,2,2,2,2,2,2,2,2,2,2,2,2,2,2,2,2,2,2,2
Mother Witch,https://cdn.royaleapi.com/static/img/cards-150/mother-witch.png,,,,,,,,,,,,,,,,,,,,,,,,,,,,,,,,,,,,,,,,,,,,,,,,,,,,,,,,,,,,0,0,0,1,1,1,1,1,1,2,3,3,4,4,4,4,4,4,5,5,5,5,5
Electro Spirit,https://cdn.royaleapi.com/static/img/cards-150/electro-spirit.png,,,,,,,,,,,,,,,,,,,,,,,,,,,,,,,,,,,,,,,,,,,,,,,,,,,,,,,,,,,0,0,0,0,0,0,0,0,0,0,0,0,0,0,0,0,0,0,0,0,0,0,0,0
Electro Giant,https://cdn.royaleapi.com/static/img/cards-150/electro-giant.png,,,,,,,,,,,,,,,,,,,,,,,,,,,,,,,,,,,,,,,,,,,,,,,,,,,,,,,,,,1,3,3,3,3,3,3,3,3,3,3,4,4,4,4,4,4,4,5,5,6,6,7,7,7
Cannon,https://cdn.royaleapi.com/static/img/cards-150/cannon.png,0,1,2,2,4,5,5,5,5,5,5,5,5,5,5,5,5,5,5,5,5,5,5,5,5,5,5,5,5,6,6,6,6,6,6,6,6,6,6,6,6,6,7,7,7,7,7,7,7,7,8,8,8,8,8,8,8,8,8,8,8,8,8,8,8,9,9,9,9,9,9,9,9,9,9,9,9,9,9,9,9,10
Goblin Hut,https://cdn.royaleapi.com/static/img/cards-150/goblin-hut.png,0,1,1,1,2,2,2,2,2,2,2,2,2,2,2,3,3,3,3,3,3,4,4,4,5,5,5,6,6,7,7,7,7,8,8,8,8,8,8,10,10,10,10,10,10,10,10,10,10,10,10,11,12,12,12,12,12,12,12,12,12,12,12,12,12,12,12,12,12,12,12,13,13,13,13,13,13,13,13,13,13,13
Mortar,https://cdn.royaleapi.com/static/img/cards-150/mortar.png,1,3,3,3,4,5,5,5,5,5,5,6,6,6,6,6,6,6,6,7,7,7,7,8,9,9,9,10,10,11,12,12,12,12,12,12,12,12,12,12,12,12,12,12,12,12,12,12,12,12,12,12,12,12,12,12,12,12,12,12,12,12,12,12,12,12,12,12,12,12,12,12,12,12,12,12,12,12,12,12,12,13
Inferno Tower,https://cdn.royaleapi.com/static/img/cards-150/inferno-tower.png,0,2,2,2,3,3,4,4,4,4,5,5,5,5,5,5,5,5,5,5,5,6,6,7,7,7,7,7,7,8,8,8,8,8,9,9,9,9,9,9,9,9,10,10,10,10,10,10,10,10,10,10,10,10,10,10,10,10,10,10,10,10,10,10,10,10,10,10,10,10,10,10,10,11,11,11,11,11,11,11,11,11
Bomb Tower,https://cdn.royaleapi.com/static/img/cards-150/bomb-tower.png,0,3,3,3,4,4,5,5,5,5,5,5,5,5,6,6,6,6,6,6,6,6,6,6,6,6,6,6,6,7,7,8,8,9,9,9,9,9,10,10,10,10,10,10,10,10,10,10,10,10,10,10,10,11,11,11,11,11,11,11,11,11,12,12,12,12,12,12,13,13,13,13,13,13,13,13,13,13,13,13,13,13
Barbarian Hut,https://cdn.royaleapi.com/static/img/cards-150/barbarian-hut.png,0,2,2,2,2,2,2,2,2,2,2,2,2,2,2,2,2,2,2,2,2,2,2,2,2,2,2,2,2,3,3,3,3,3,3,3,4,4,5,5,5,5,5,5,5,5,5,5,5,6,6,6,7,7,7,7,7,7,7,8,8,8,8,8,8,8,8,8,8,8,8,9,9,9,9,9,9,10,10,10,10,11
Tesla,https://cdn.royaleapi.com/static/img/cards-150/tesla.png,0,2,3,3,5,6,6,6,6,6,6,6,6,6,6,6,6,6,6,6,6,7,7,7,7,7,7,7,7,8,8,9,9,9,9,10,10,10,10,10,10,10,10,10,10,10,10,10,10,10,11,11,11,11,11,11,11,11,11,11,11,11,11,11,11,11,11,11,12,12,12,13,13,13,13,13,13,13,13,13,13,13
Elixir Collector,https://cdn.royaleapi.com/static/img/cards-150/elixir-collector.png,0,1,1,1,3,3,4,4,4,5,6,6,6,6,6,6,6,6,6,6,6,6,6,7,7,7,7,7,7,7,7,7,7,7,7,8,8,8,8,8,8,8,8,8,8,8,8,8,8,8,8,8,8,8,8,8,8,8,8,8,8,8,8,8,8,8,8,8,8,8,8,8,8,8,8,9,9,9,9,9,9,9
X-Bow,https://cdn.royaleapi.com/static/img/cards-150/x-bow.png,0,2,3,3,4,5,5,5,5,5,5,5,5,5,6,6,6,6,6,7,7,7,7,7,7,7,7,7,7,8,8,8,8,8,8,8,8,8,9,9,9,9,9,9,9,9,9,9,9,9,9,9,9,9,9,9,9,9,9,10,10,10,10,10,10,10,10,10,10,10,10,10,10,10,10,10,10,10,10,10,10,10
Tombstone,https://cdn.royaleapi.com/static/img/cards-150/tombstone.png,0,3,3,3,4,4,5,6,6,6,7,7,7,7,7,7,7,7,7,7,7,7,7,7,7,7,7,7,7,7,7,7,7,7,8,8,8,8,8,8,8,8,8,8,8,8,8,8,8,8,8,8,8,8,8,8,8,8,9,9,9,9,9,9,9,9,9,9,10,10,10,11,11,11,11,12,12,12,12,12,12,12
Furnace,https://cdn.royaleapi.com/static/img/cards-150/furnace.png,,,,,1,2,2,2,2,2,2,2,2,2,2,3,3,3,3,3,3,3,3,3,3,3,3,3,3,3,4,4,4,4,4,4,4,4,4,4,4,4,4,4,4,4,4,4,4,4,4,4,5,5,5,5,6,6,6,6,6,6,6,6,6,7,7,7,8,8,8,9,9,9,9,9,9,9,9,10,10,10
Goblin Cage,https://cdn.royaleapi.com/static/img/cards-150/goblin-cage.png,,,,,,,,,,,,,,,,,,,,,,,,,,,,,,,,,,,,,,,,,0,0,1,1,2,2,2,2,2,2,2,2,3,3,3,3,3,3,3,3,3,3,3,3,3,3,3,3,3,3,3,4,4,4,4,4,4,4,4,4,4,4
Goblin Drill,https://cdn.royaleapi.com/static/img/cards-150/goblin-drill.png,,,,,,,,,,,,,,,,,,,,,,,,,,,,,,,,,,,,,,,,,,,,,,,,,,,,,,,,,,,,,,,,,,1,0,0,2,3,3,3,3,3,3,3,3,4,4,4,4,4
Fireball,https://cdn.royaleapi.com/static/img/cards-150/fireball.png,0,1,1,1,1,1,1,1,1,1,1,1,1,1,1,1,1,1,1,1,1,1,1,2,2,2,2,3,3,3,3,3,3,4,4,4,4,4,4,4,4,4,4,4,4,4,4,4,4,4,4,4,4,4,4,5,5,5,5,5,5,5,5,5,5,5,5,5,5,5,5,5,5,5,5,5,5,5,5,6,6,6
Arrows,https://cdn.royaleapi.com/static/img/cards-150/arrows.png,0,2,2,2,2,2,2,2,2,2,2,2,2,2,3,3,3,3,3,3,3,3,3,4,4,4,4,5,5,5,5,5,5,6,6,6,6,6,6,6,6,7,7,7,7,7,8,8,8,8,8,8,8,8,8,9,9,9,9,9,9,9,9,9,9,9,9,9,9,9,9,9,9,9,9,9,9,9,9,9,9,9
Rage,https://cdn.royaleapi.com/static/img/cards-150/rage.png,0,1,2,2,2,2,3,3,4,4,5,5,5,5,5,5,5,5,5,5,5,5,5,5,5,5,5,6,6,6,6,6,6,6,6,6,6,6,6,6,6,6,7,7,7,7,7,7,7,7,7,7,7,7,7,7,7,7,7,7,7,7,7,7,7,7,7,7,7,7,7,7,7,7,7,7,7,7,7,7,7,7
Rocket,https://cdn.royaleapi.com/static/img/cards-150/rocket.png,0,1,1,1,1,1,1,1,1,1,1,1,1,1,1,1,1,1,1,1,1,1,1,2,2,2,2,3,3,3,3,3,3,4,4,4,4,4,4,4,4,4,4,4,4,4,4,4,4,4,4,4,4,4,4,5,5,5,5,5,5,5,5,5,5,5,5,5,5,5,5,5,5,5,5,5,5,5,5,5,5,5
Goblin Barrel,https://cdn.royaleapi.com/static/img/cards-150/goblin-barrel.png,1,3,3,3,3,4,5,5,5,5,5,5,5,5,5,5,5,5,5,5,5,5,5,6,6,6,6,6,6,6,7,7,7,7,7,7,7,7,7,7,8,8,8,8,8,8,8,8,8,8,8,8,8,8,8,8,8,8,8,8,8,8,8,8,8,9,9,9,9,9,9,9,9,9,9,9,9,9,9,9,9,9
Freeze,https://cdn.royaleapi.com/static/img/cards-150/freeze.png,0,1,1,1,2,2,3,3,3,3,3,3,3,3,3,3,3,3,3,3,3,3,3,3,3,3,3,4,4,4,4,4,4,4,4,5,6,7,7,7,7,7,7,7,7,7,7,7,7,7,7,7,7,7,7,8,8,8,8,8,8,8,8,8,8,8,8,8,8,8,8,8,8,8,8,8,8,8,8,8,8,8
Mirror,https://cdn.royaleapi.com/static/img/cards-150/mirror.png,0,2,3,3,4,4,4,4,5,5,6,7,7,7,7,7,7,7,7,7,7,7,7,7,7,7,7,7,7,9,9,9,9,9,9,9,9,10,10,10,10,10,11,11,11,11,11,11,11,11,11,11,11,11,11,11,11,11,11,11,11,11,11,11,11,11,11,11,11,11,11,11,11,11,11,12,12,12,12,12,12,12
Lightning,https://cdn.royaleapi.com/static/img/cards-150/lightning.png,0,1,1,1,1,1,1,1,2,2,2,2,2,2,2,2,2,2,2,2,2,3,3,4,4,4,4,5,5,5,5,5,6,7,7,7,7,7,7,7,7,7,7,7,7,7,7,7,7,7,7,7,7,7,7,8,8,8,9,9,9,9,9,9,9,9,9,9,9,9,9,9,9,9,10,10,10,10,10,10,10,10
Zap,https://cdn.royaleapi.com/static/img/cards-150/zap.png,0,3,3,3,3,3,4,5,5,5,5,5,6,6,6,6,6,6,6,6,6,6,6,7,7,7,7,8,8,8,8,8,8,9,9,9,9,9,9,9,9,9,9,9,9,9,9,9,9,9,9,9,9,9,9,10,10,10,10,10,10,10,10,10,10,10,10,10,10,10,10,10,10,10,10,10,10,10,10,10,10,10
Poison,https://cdn.royaleapi.com/static/img/cards-150/poison.png,,0,1,1,1,1,2,2,2,3,4,4,4,5,5,5,5,6,6,6,6,6,6,7,7,7,7,8,8,8,8,8,8,9,9,9,9,9,9,9,9,9,9,9,9,9,9,9,9,9,9,9,9,9,9,10,10,10,10,10,10,10,10,10,10,10,10,10,11,11,11,11,11,11,11,11,11,11,11,11,11,11
Graveyard,https://cdn.royaleapi.com/static/img/cards-150/graveyard.png,,,,,,,,,,0,0,0,0,0,0,0,0,0,0,1,1,2,2,2,2,2,2,3,3,3,3,3,3,3,3,3,3,3,3,3,3,3,3,3,3,3,3,3,3,3,3,3,3,3,3,3,3,3,5,6,6,6,6,6,6,6,6,6,6,6,6,6,6,6,6,7,7,7,7,7,7,7
The Log,https://cdn.royaleapi.com/static/img/cards-150/the-log.png,,,,,,,0,1,2,3,3,3,3,3,4,4,4,5,5,5,5,5,5,6,6,6,6,7,7,7,7,7,7,8,8,8,8,8,8,8,8,8,8,8,8,8,8,8,8,8,8,8,8,8,8,9,9,9,9,9,9,9,9,9,9,10,10,10,10,10,10,10,10,10,10,10,10,11,11,11,11,11
Tornado,https://cdn.royaleapi.com/static/img/cards-150/tornado.png,,,,,,,,,,,0,1,1,1,2,2,2,3,3,3,3,3,3,3,3,3,3,4,4,5,5,5,5,6,6,6,6,6,6,6,6,6,6,6,6,6,6,6,6,6,6,6,7,7,7,7,7,7,7,7,7,7,7,7,7,7,7,7,7,7,7,7,7,7,7,7,7,7,7,7,7,7
Clone,https://cdn.royaleapi.com/static/img/cards-150/clone.png,,,,,,,,,,,,0,0,0,1,1,1,2,2,2,2,2,2,2,2,2,2,3,3,4,4,4,4,5,5,5,6,6,6,7,7,7,7,7,7,7,7,7,7,7,7,7,7,7,7,8,8,8,8,8,8,8,8,8,8,8,8,8,8,8,9,9,9,9,9,9,9,9,9,9,9,9
Earthquake,https://cdn.royaleapi.com/static/img/cards-150/earthquake.png,,,,,,,,,,,,,,,,,,,,,,,,,,,,,,,,,,,,,,,,0,0,1,1,1,1,1,1,1,1,1,2,2,3,4,4,4,4,4,4,4,4,5,5,5,5,5,5,5,5,5,5,5,5,5,5,6,6,6,6,6,6,6
Barbarian Barrel,https://cdn.royaleapi.com/static/img/cards-150/barbarian-barrel.png,,,,,,,,,,,,,,,,,,,,,,,,,,,,1,1,3,3,3,4,5,5,6,7,7,8,8,8,9,10,11,11,11,12,12,12,12,12,12,12,12,12,12,12,12,12,12,12,12,12,12,12,12,12,12,12,12,12,12,12,12,12,12,12,13,13,13,13,13
Heal Spirit,https://cdn.royaleapi.com/static/img/cards-150/heal-spirit.png,,,,,,,,,,,,,,,,,,,,,,,,,,,,,,,,,,,,,,,,,,,,,,,,,,,,0,0,0,0,0,1,2,2,3,3,3,4,4,4,4,4,4,4,4,4,4,4,4,4,4,4,4,4,4,4,4
Giant Snowball,https://cdn.royaleapi.com/static/img/cards-150/giant-snowball.png,,,,,,,,,,,,,,,,,,,,,,,,,,,,,,0,0,0,0,1,1,2,2,2,2,2,2,2,3,3,3,4,4,4,4,4,4,4,4,4,4,5,5,5,5,5,5,5,5,5,5,6,6,6,7,7,7,7,7,7,7,7,7,7,7,7,7,7
Royal Delivery,https://cdn.royaleapi.com/static/img/cards-150/royal-delivery.png,,,,,,,,,,,,,,,,,,,,,,,,,,,,,,,,,,,,,,,,,,,,,,,,,,,,0,1,2,2,4,4,4,4,4,4,4,4,4,4,4,4,4,4,4,4,4,4,4,4,4,4,4,4,4,4,4
